x,y,title,url,year
0.3993113,7.0570297,Agitation,https://www.dareyoufight.org/Volumes/01/01/Agitation.html,1910
1.2913507,9.908262,Baltimore,https://www.dareyoufight.org/Volumes/01/01/Baltimore.html,1910
0.8986258,10.897568,Segregation,https://www.dareyoufight.org/Volumes/01/01/Segregation.html,1910
0.35443595,6.9878917,The Crisis,https://www.dareyoufight.org/Volumes/01/01/TheCrisis.html,1910
-3.170261,7.741773,Voting,https://www.dareyoufight.org/Volumes/01/01/Voting.html,1910
-0.7733442,7.6734967,N.A.A.C.P.,https://www.dareyoufight.org/Volumes/01/02/NAACP.html,1910
0.19343491,8.209564,Advice,https://www.dareyoufight.org/Volumes/01/02/advice.html,1910
-3.0864186,7.8436365,The Election,https://www.dareyoufight.org/Volumes/01/02/election.html,1910
0.5986087,9.548778,The Ghetto,https://www.dareyoufight.org/Volumes/01/02/ghetto.html,1910
0.11440084,8.02945,The Inevitable,https://www.dareyoufight.org/Volumes/01/02/inevitable.html,1910
0.5194309,8.682649,Precept and Practice,https://www.dareyoufight.org/Volumes/01/02/precept_and_practice.html,1910
0.09976172,5.7406235,The Races in Conference,https://www.dareyoufight.org/Volumes/01/02/races_in_conference.html,1910
-0.09107038,8.779497,''Ashamed'',https://www.dareyoufight.org/Volumes/01/03/ashamed.html,1911
1.2471256,4.8797235,Jesus Christ in Baltimore,https://www.dareyoufight.org/Volumes/01/03/baltimore.html,1911
-0.08824512,7.916133,Envy,https://www.dareyoufight.org/Volumes/01/03/envy.html,1911
-1.0842084,10.209538,The Old Story,https://www.dareyoufight.org/Volumes/01/03/old_story.html,1911
0.062390774,9.561651,Except Servants,https://www.dareyoufight.org/Volumes/01/03/servants.html,1911
-0.42897046,9.2417555,''Social Equality'',https://www.dareyoufight.org/Volumes/01/03/social_equality.html,1911
-2.5235531,8.760286,The Truth,https://www.dareyoufight.org/Volumes/01/03/truth.html,1911
0.67278427,7.6770873,A Winter Pilgrimage,https://www.dareyoufight.org/Volumes/01/03/winter_pilmigrage.html,1911
1.0685385,10.903579,Education,https://www.dareyoufight.org/Volumes/01/04/education.html,1911
-1.3624053,9.873367,Pink Franklin,https://www.dareyoufight.org/Volumes/01/04/pink.html,1911
1.011447,11.161026,Rampant Democracy,https://www.dareyoufight.org/Volumes/01/04/rampant_democracy.html,1911
-0.23626,9.082006,Separation,https://www.dareyoufight.org/Volumes/01/04/separation.html,1911
-0.6274736,8.161686,Southern Papers,https://www.dareyoufight.org/Volumes/01/04/southern_papers.html,1911
-2.483973,7.5302906,The Blair Bill,https://www.dareyoufight.org/Volumes/01/05/blair_bill.html,1911
1.1291156,4.7605863,"The Methodist Church, North",https://www.dareyoufight.org/Volumes/01/05/methodist_church_north.html,1911
0.15101273,8.874247,Politeness,https://www.dareyoufight.org/Volumes/01/05/politeness.html,1911
-2.3401792,8.789029,The White Primary,https://www.dareyoufight.org/Volumes/01/05/white_primary.html,1911
1.6829553,10.7423525,Smith Jones,https://www.dareyoufight.org/Volumes/01/06/smith_jones.html,1911
-0.21434316,7.7229323,The Truth,https://www.dareyoufight.org/Volumes/01/06/truth.html,1911
1.4263988,7.916118,The Writer,https://www.dareyoufight.org/Volumes/01/06/writer.html,1911
-0.869223,9.342667,Prejudice,https://www.dareyoufight.org/Volumes/02/01/prejudice.html,1911
1.5687689,8.534391,Violations of Property Rights,https://www.dareyoufight.org/Volumes/02/01/violations.html,1911
1.9510509,9.903872,Education,https://www.dareyoufight.org/Volumes/02/02/business.html,1911
1.110149,11.012841,Education,https://www.dareyoufight.org/Volumes/02/02/education.html,1911
-0.0042580077,8.339721,Starvation and Prejudice,https://www.dareyoufight.org/Volumes/02/02/starvation_and_prejudice.html,1911
-0.8232884,6.7466183,Allies,https://www.dareyoufight.org/Volumes/02/03/allies.html,1911
0.74775094,10.162239,Discrimination,https://www.dareyoufight.org/Volumes/02/03/discrimination.html,1911
-2.5151813,10.653967,The Flag,https://www.dareyoufight.org/Volumes/02/03/flag.html,1911
1.099165,11.147486,The High School,https://www.dareyoufight.org/Volumes/02/03/high_school.html,1911
0.82746285,7.317743,London,https://www.dareyoufight.org/Volumes/02/04/london.html,1911
-2.6094043,10.891367,Lynching,https://www.dareyoufight.org/Volumes/02/04/lynching.html,1911
0.97050714,8.047174,Races,https://www.dareyoufight.org/Volumes/02/04/races.html,1911
-0.75019276,9.191644,Promotion of Prejudice,https://www.dareyoufight.org/Volumes/02/05/promotion.html,1911
0.024138678,5.70455,The Races in Congress,https://www.dareyoufight.org/Volumes/02/05/races_congress.html,1911
-0.37858632,9.204529,Social Equality,https://www.dareyoufight.org/Volumes/02/05/social_equality.html,1911
-0.9258375,10.305397,Triumph,https://www.dareyoufight.org/Volumes/02/05/triumph.html,1911
0.16750428,5.8163877,The World in Council,https://www.dareyoufight.org/Volumes/02/05/world.html,1911
-4.210414,8.238732,Forward Backward,https://www.dareyoufight.org/Volumes/02/06/forwardbackward.html,1911
0.067681365,8.725995,"Hail, Columbia!",https://www.dareyoufight.org/Volumes/02/06/hail_columbia.html,1911
0.9628529,9.874015,Knowledge,https://www.dareyoufight.org/Volumes/02/06/knowledge.html,1911
-1.9295449,7.4201846,Mr. Taft,https://www.dareyoufight.org/Volumes/02/06/taft.html,1911
0.79726374,9.734786,The Census,https://www.dareyoufight.org/Volumes/03/01/census.html,1911
1.2290345,5.1710916,Christianity Rampant,https://www.dareyoufight.org/Volumes/03/01/christianity_rampant.html,1911
1.5629253,7.2992067,''Ezekielism'',https://www.dareyoufight.org/Volumes/03/01/ezekielism.html,1911
1.7228873,6.832759,The Quadroon,https://www.dareyoufight.org/Volumes/03/01/quadroon.html,1911
-0.53054255,8.907953,''Social Equality'',https://www.dareyoufight.org/Volumes/03/01/social_equality.html,1911
-2.8935888,7.899059,Christmas Gift,https://www.dareyoufight.org/Volumes/03/02/christmas_gift.html,1911
1.2384378,10.78286,The Cost of Education,https://www.dareyoufight.org/Volumes/03/02/cost_of_education.html,1911
-0.8080995,9.787812,Jesus Christ in Georgia,https://www.dareyoufight.org/Volumes/03/02/jesus_christ.html,1911
2.0053947,6.762016,Joseph Pulitzer,https://www.dareyoufight.org/Volumes/03/02/joseph_pulitzer.html,1911
0.5900059,7.425807,The Sin Against the Holy Ghost,https://www.dareyoufight.org/Volumes/03/02/sin.html,1911
-2.5433524,10.910957,Crime and Lynching,https://www.dareyoufight.org/Volumes/03/03/crime_and_lynching.html,1912
0.26853937,8.650172,A Mild Suggestion,https://www.dareyoufight.org/Volumes/03/03/mild_suggestion.html,1912
0.7772088,6.1733418,China,https://www.dareyoufight.org/Volumes/03/04/china.html,1912
0.94392705,6.4312463,The Durbar,https://www.dareyoufight.org/Volumes/03/04/durbar.html,1912
0.32533592,7.2259555,The Gall of Bitterness,https://www.dareyoufight.org/Volumes/03/04/gail_of_bitterness.html,1912
-0.27418038,8.499202,Light,https://www.dareyoufight.org/Volumes/03/04/light.html,1912
-0.16673505,9.00731,Divine Right,https://www.dareyoufight.org/Volumes/03/05/divine_right.html,1912
1.365747,9.806642,Homes,https://www.dareyoufight.org/Volumes/03/05/homes.html,1912
-1.0494964,7.5083923,Lee,https://www.dareyoufight.org/Volumes/03/05/lee.html,1912
2.0641088,6.64327,In God''s Gardens,https://www.dareyoufight.org/Volumes/03/06/in-gods-gardens.html,1912
-0.022553355,9.392881,The Servant in the South,https://www.dareyoufight.org/Volumes/03/06/servant_in_the_south.html,1912
1.1051239,4.851917,The Negro Church,https://www.dareyoufight.org/Volumes/04/01/negro_church.html,1912
0.063724324,9.706666,Decency,https://www.dareyoufight.org/Volumes/04/02/decency.html,1912
1.0591323,11.304371,Education,https://www.dareyoufight.org/Volumes/04/02/education.html,1912
-3.8580618,8.325585,Suffering Suffragettes,https://www.dareyoufight.org/Volumes/04/02/suffering_suffragettes.html,1912
0.44114465,8.050606,Fraud and Imitation,https://www.dareyoufight.org/Volumes/04/03/fraud_and_imitation.html,1912
2.291319,9.229865,Organized Labor,https://www.dareyoufight.org/Volumes/04/03/organized_labor.html,1912
-0.8625893,6.29173,The Third Battle of Bull Run,https://www.dareyoufight.org/Volumes/04/03/third_battle_of_bull_run.html,1912
-1.8345656,10.133621,Anarchism,https://www.dareyoufight.org/Volumes/04/04/anarchism.html,1912
-4.1567693,8.233598,Ohio,https://www.dareyoufight.org/Volumes/04/04/ohio.html,1912
-3.1294258,8.051915,Politics,https://www.dareyoufight.org/Volumes/04/04/politics.html,1912
-4.2337546,8.287387,Brother Baptis'' on Woman Suffrage,https://www.dareyoufight.org/Volumes/04/05/brother_batis.html,1912
-4.339397,8.178064,Colored Women as Voters,https://www.dareyoufight.org/Volumes/04/05/colored_women_as_voters.html,1912
-4.300287,8.348416,Garrison and Woman''s Suffrage,https://www.dareyoufight.org/Volumes/04/05/garrison_and_womans_suffrage.html,1912
-4.364873,8.377397,The Justice of Woman Suffrage,https://www.dareyoufight.org/Volumes/04/05/justice_of_woman_suffrage.html,1912
-1.7793235,7.191706,Mr. Roosevelt,https://www.dareyoufight.org/Volumes/04/05/mr_roosevelt.html,1912
-4.2782307,8.3712015,Two Suffrage Movements,https://www.dareyoufight.org/Volumes/04/05/two_suffrage_movements.html,1912
-1.9515951,9.37221,Virginia Christian,https://www.dareyoufight.org/Volumes/04/05/virginia_christian.html,1912
-4.280934,8.234877,Votes for Women,https://www.dareyoufight.org/Volumes/04/05/votes_for_women.html,1912
1.3716602,7.4160895,Of Children,https://www.dareyoufight.org/Volumes/04/06/of_children.html,1912
1.5574348,8.503252,Vital Statistics,https://www.dareyoufight.org/Volumes/04/06/vital_statistics.html,1912
0.12770036,7.362919,The Colored Magazine in America,https://www.dareyoufight.org/Volumes/05/01/colored-magazine.html,1912
-2.7547586,7.150323,The Last Word in Politics,https://www.dareyoufight.org/Volumes/05/01/last_word_in_politics.html,1912
0.5728709,6.9689307,The Second Birthday,https://www.dareyoufight.org/Volumes/05/01/second_birthday.html,1912
1.1995124,8.545835,The Black Mother,https://www.dareyoufight.org/Volumes/05/02/black_mother.html,1912
0.67289424,5.0673914,The Odd Fellows,https://www.dareyoufight.org/Volumes/05/02/odd_fellows.html,1912
-2.2852843,7.395641,The Election,https://www.dareyoufight.org/Volumes/05/02/the_election.html,1912
0.042788405,7.628972,The Truth,https://www.dareyoufight.org/Volumes/05/02/truth.html,1912
-1.3371112,8.345831,Emancipation,https://www.dareyoufight.org/Volumes/05/03/emancipation.html,1913
0.069112964,7.169196,Our Own Consent,https://www.dareyoufight.org/Volumes/05/03/our_own_consent.html,1913
1.2411278,9.577469,Blessed Discrimination,https://www.dareyoufight.org/Volumes/05/04/blesseddiscrimination.html,1913
0.047101934,9.653855,Intermarriage,https://www.dareyoufight.org/Volumes/05/04/intermarriage.html,1913
-2.0643353,7.5296426,An Open Letter to Woodrow Wilson,https://www.dareyoufight.org/Volumes/05/05/open_letter.html,1913
-1.360527,9.040008,The Proper Way,https://www.dareyoufight.org/Volumes/05/05/proper_way.html,1913
1.9468902,6.7222037,Easter-Emancipation 1863-1913,https://www.dareyoufight.org/Volumes/05/06/easter-emancipation.html,1913
-0.19918376,8.571713,Hail Columbia,https://www.dareyoufight.org/Volumes/05/06/hail_columbia.html,1913
0.043962553,8.72126,The Hurt Hound,https://www.dareyoufight.org/Volumes/05/06/hurt_hound.html,1913
-0.85445964,8.878727,"The ""Jim Crow"" Argument",https://www.dareyoufight.org/Volumes/05/06/jim_crow_argument.html,1913
0.35817152,6.144105,Peace,https://www.dareyoufight.org/Volumes/06/01/peace.html,1913
-0.9201472,7.572929,The Vigilance Committee: A Call To Arms,https://www.dareyoufight.org/Volumes/06/01/vigilance_committee.html,1913
-4.2022595,8.267995,Woman''s Suffrage,https://www.dareyoufight.org/Volumes/06/01/womans_suffrage.html,1913
-2.1545177,8.059094,Education,https://www.dareyoufight.org/Volumes/06/02/democrats.html,1913
-0.1792625,8.0807295,Logic,https://www.dareyoufight.org/Volumes/06/02/logic.html,1913
-1.0316035,7.6428223,The Next Step,https://www.dareyoufight.org/Volumes/06/02/next_step.html,1913
1.1899569,7.2355385,Education,https://www.dareyoufight.org/Volumes/06/02/ostrich.html,1913
1.123836,7.288497,I Go A-Talking,https://www.dareyoufight.org/Volumes/06/03/i_go_a_talking.html,1913
-1.385172,8.635268,The Newest South,https://www.dareyoufight.org/Volumes/06/03/newest_south.html,1913
-0.6536855,7.7156286,Burleson,https://www.dareyoufight.org/Volumes/06/04/burleson.html,1913
-1.8681049,8.345333,Civil Rights,https://www.dareyoufight.org/Volumes/06/04/civil_rights.html,1913
0.7287449,11.00568,Orphans,https://www.dareyoufight.org/Volumes/06/04/orphans.html,1913
1.6213319,9.320833,Slavery,https://www.dareyoufight.org/Volumes/06/04/slavery.html,1913
0.8327385,8.481537,The Fruit of the Tree,https://www.dareyoufight.org/Volumes/06/05/fruit_of_tree.html,1913
-1.677541,7.5844927,Another Open Letter to Woodrow Wilson,https://www.dareyoufight.org/Volumes/06/05/open_letter.html,1913
1.3062451,4.8741665,The Church and the Negro,https://www.dareyoufight.org/Volumes/06/06/church_negro.html,1913
2.0819356,6.823524,The Princess of the Hither Isles,https://www.dareyoufight.org/Volumes/06/06/princess_of_hither_isles.html,1913
1.4916692,7.0409045,The People of Peoples and Their Gifts to Men,https://www.dareyoufight.org/Volumes/07/01/national_emancipation_exposition.html,1913
1.6638474,8.75711,The Simple Way,https://www.dareyoufight.org/Volumes/07/01/simple_way.html,1913
1.2781323,4.886356,The Episcopal Church,https://www.dareyoufight.org/Volumes/07/02/episcopal_church.html,1913
1.9799029,6.812202,The Three Wise Men,https://www.dareyoufight.org/Volumes/07/02/three_wise_men.html,1913
0.49366432,6.9157915,Join or Die,https://www.dareyoufight.org/Volumes/07/03/fightordie.html,1914
-0.5213813,7.127062,"Free, White and Twenty One",https://www.dareyoufight.org/Volumes/07/03/free_white_twenty_one.html,1914
2.0646718,6.7208977,The Song of the Smoke,https://www.dareyoufight.org/Volumes/07/03/song_of_smoke.html,1914
0.85283154,8.83479,The Strength of Segregation,https://www.dareyoufight.org/Volumes/07/03/strength_of_segregation.html,1913
0.80609906,9.2590275,Migration,https://www.dareyoufight.org/Volumes/07/04/migration.html,1914
-2.1188743,8.874666,The Negro and the Land,https://www.dareyoufight.org/Volumes/07/04/negro_land.html,1914
0.5270878,6.766155,Resistance,https://www.dareyoufight.org/Volumes/07/04/resistance.html,1914
-2.1588984,7.5175653,The South in the Saddle,https://www.dareyoufight.org/Volumes/07/04/south_in_saddle.html,1914
1.5119566,9.288227,Work for Black Folk in 1914,https://www.dareyoufight.org/Volumes/07/04/work_for_black_folk.html,1914
0.59563667,8.341766,A Little Play,https://www.dareyoufight.org/Volumes/07/05/a_little_play.html,1914
0.38588986,6.846902,Booming The Crisis,https://www.dareyoufight.org/Volumes/07/05/booming_crisis.html,1914
-0.2308183,7.567003,A Crusade,https://www.dareyoufight.org/Volumes/07/05/crusades.html,1914
-2.5397537,10.920211,Lynching,https://www.dareyoufight.org/Volumes/07/05/lynching.html,1914
1.156449,10.618174,Taxation without Representation,https://www.dareyoufight.org/Volumes/07/05/taxation_without_representation.html,1914
0.8064332,8.665,Brazil,https://www.dareyoufight.org/Volumes/07/06/brazil.html,1914
1.8394362,9.04392,Does Organization Pay?,https://www.dareyoufight.org/Volumes/07/06/does_organization_pay.html,1914
1.8608369,8.1206875,Veiled Insults,https://www.dareyoufight.org/Volumes/07/06/veiled_insults.html,1914
0.41951343,7.5545206,A Question of Policy and The Philosophy of Mr. Dole,https://www.dareyoufight.org/Volumes/08/01/question_of_policy.html,1914
-1.2824274,6.5041504,Mexico,https://www.dareyoufight.org/Volumes/08/02/mexico.html,1914
-2.324162,8.717265,Senators'' Records,https://www.dareyoufight.org/Volumes/08/02/senators_records.html,1914
-2.22022,10.69194,The Cause of Lynching,https://www.dareyoufight.org/Volumes/08/03/cause_of_lynching.html,1914
0.95543164,11.253606,College Education,https://www.dareyoufight.org/Volumes/08/03/college_education.html,1914
1.3634089,9.77314,Real Estate in New York,https://www.dareyoufight.org/Volumes/08/03/real_estate_in_new_york.html,1914
0.2825598,7.7079406,Don''t Be Bitter,https://www.dareyoufight.org/Volumes/08/04/dont_be_bitter.html,1914
0.9052216,9.280908,Muddle,https://www.dareyoufight.org/Volumes/08/04/muddle.html,1914
-0.49821544,7.2151923,The Prize Fighter,https://www.dareyoufight.org/Volumes/08/04/prize_fighter.html,1914
-4.1155076,8.176921,Votes for Women,https://www.dareyoufight.org/Volumes/08/04/votes_for_women.html,1914
-0.1065928,8.785926,Does Race Antagonism Serve Any Good Purpose,https://www.dareyoufight.org/Volumes/08/05/does_race_antagonism.html,1914
1.7025731,6.254725,The Story of Africa,https://www.dareyoufight.org/Volumes/08/05/story_of_africa.html,1914
0.34360775,6.4296217,Of the Children of Peace,https://www.dareyoufight.org/Volumes/08/06/of_children_of_peace.html,1914
1.9580482,6.5655537,The Burden of Black Women,https://www.dareyoufight.org/Volumes/09/01/burden_of_black_women.html,1914
-0.7768499,6.9319296,A Correspondence,https://www.dareyoufight.org/Volumes/09/01/correspondence.html,1914
0.59184206,6.2109175,World War and the Color Line,https://www.dareyoufight.org/Volumes/09/01/worldwar.html,1914
1.9374853,6.718487,The Christmas Prayers of God,https://www.dareyoufight.org/Volumes/09/02/christmas_prayers_of_god.html,1914
-1.6494133,7.2681956,The Congressmen and the NAACP,https://www.dareyoufight.org/Volumes/09/02/congressmen_and_the_naacp.html,1914
-2.9951825,7.4447637,The Election,https://www.dareyoufight.org/Volumes/09/02/election.html,1914
-0.91354805,10.46033,Murder,https://www.dareyoufight.org/Volumes/09/02/murder.html,1914
2.0429263,8.079485,Negro,https://www.dareyoufight.org/Volumes/09/02/negro.html,1914
-1.6571594,8.977987,Supreme Court,https://www.dareyoufight.org/Volumes/09/02/supreme_court.html,1914
-1.6023413,7.7205205,William Monroe Trotter,https://www.dareyoufight.org/Volumes/09/02/trotter.html,1914
0.40881017,7.5247493,Y.M.C.A,https://www.dareyoufight.org/Volumes/09/02/ymca.html,1914
-4.058956,8.255783,Agility,https://www.dareyoufight.org/Volumes/09/03/agility.html,1915
-2.2906158,7.283511,The Alleged Failure of Democracy,https://www.dareyoufight.org/Volumes/09/03/alleged_failure.html,1914
-0.87936527,10.204809,Logic,https://www.dareyoufight.org/Volumes/09/03/logic.html,1914
-2.5343275,10.9175005,The Lynching Industry,https://www.dareyoufight.org/Volumes/09/04/lynching_industry.html,1915
-1.8220973,7.5432487,The President,https://www.dareyoufight.org/Volumes/09/04/president.html,1915
-4.2530665,8.186157,Suffrage and Women,https://www.dareyoufight.org/Volumes/09/04/suffrage_women.html,1915
1.5671586,10.099245,An Old Folks'' Home,https://www.dareyoufight.org/Volumes/09/05/old-folks-home.html,1915
0.7536944,4.9792714,Organization,https://www.dareyoufight.org/Volumes/09/05/organization.html,1915
1.1208694,7.265573,The White Christ,https://www.dareyoufight.org/Volumes/09/05/the_white_christ.html,1915
1.2743738,8.670785,The Immediate Program of the  American Negro,https://www.dareyoufight.org/Volumes/09/06/immediate_program.html,1915
-4.0714736,8.136001,Woman Suffrage,https://www.dareyoufight.org/Volumes/09/06/womansuffrage.html,1915
-0.45985538,7.9379377,The Clansman,https://www.dareyoufight.org/Volumes/10/01/clansman.html,1913
-0.18416668,6.9611216,Credit,https://www.dareyoufight.org/Volumes/10/01/credit.html,1915
-2.2034695,8.545824,The Fourteenth Amendment,https://www.dareyoufight.org/Volumes/10/01/fourteenth_amendment.html,1915
0.41900134,6.09297,Peace,https://www.dareyoufight.org/Volumes/10/01/peace.html,1915
-2.9360523,7.711337,The Republicans,https://www.dareyoufight.org/Volumes/10/01/the_republicans.html,1915
1.3546059,6.734938,An Amazing Island,https://www.dareyoufight.org/Volumes/10/02/amazing_island.html,1915
-0.9773659,10.491716,Lusitania,https://www.dareyoufight.org/Volumes/10/02/lusitania.html,1915
-1.2464781,8.509016,An Open Letter,https://www.dareyoufight.org/Volumes/10/03/an_open_letter.html,1915
1.063771,10.983656,Education,https://www.dareyoufight.org/Volumes/10/03/education.html,1915
-1.5287367,9.840598,Frank,https://www.dareyoufight.org/Volumes/10/04/frank.html,1915
0.4335598,9.914532,Colored Chicago,https://www.dareyoufight.org/Volumes/10/05/colored_chicago.html,1915
-1.6888638,8.703405,The Grandfather Clause,https://www.dareyoufight.org/Volumes/10/05/grandfather_clause.html,1915
1.2470708,9.072995,Hayti,https://www.dareyoufight.org/Volumes/10/05/hayti.html,1915
0.006304724,6.8862495,Other Organizations,https://www.dareyoufight.org/Volumes/10/05/other_organizations.html,1915
-1.8026781,8.21603,A Pageant,https://www.dareyoufight.org/Volumes/10/05/pageant.html,1915
-1.0231488,6.1723676,Some Chicagoans of Note,https://www.dareyoufight.org/Volumes/10/05/some_chicagoans_of_note.html,1915
-2.4328158,10.767777,Hayti,https://www.dareyoufight.org/Volumes/10/06/hayti.html,1915
-4.295341,8.303347,The Risk of Woman Suffrage,https://www.dareyoufight.org/Volumes/11/01/risk_of_woman_suffrage.html,1915
0.5538964,6.859578,We Come of Age,https://www.dareyoufight.org/Volumes/11/01/we_come_of_age.html,1915
-4.2664404,8.238115,Woman Suffrage,https://www.dareyoufight.org/Volumes/11/01/woman_suffrage.html,1915
-1.5274606,7.7258844,Booker T. Washington,https://www.dareyoufight.org/Volumes/11/02/booker_t_washington.html,1915
-3.921979,8.127512,The Elections,https://www.dareyoufight.org/Volumes/11/02/elections.html,1915
-1.5675547,6.46327,Haiti,https://www.dareyoufight.org/Volumes/11/02/haiti.html,1915
1.4818367,8.0444145,The Star of Ethiopia,https://www.dareyoufight.org/Volumes/11/02/star_of_ethiopia.html,1915
0.70983,6.2316585,Germany,https://www.dareyoufight.org/Volumes/11/04/germany.html,1916
0.24673371,8.24756,Lies Agreed Upon,https://www.dareyoufight.org/Volumes/11/04/lies_agreed_upon.html,1916
2.0106075,8.089333,That Capital ''N'',https://www.dareyoufight.org/Volumes/11/04/that_capital_n.html,1916
-1.0476388,9.544901,Brandeis,https://www.dareyoufight.org/Volumes/11/05/brandeis.html,1916
-2.137275,9.946467,The Cherokee Fires: An N.A.A.C.P. Investigation,https://www.dareyoufight.org/Volumes/11/05/cherokee_fires.html,1916
1.3538855,11.034282,The Negro Public School,https://www.dareyoufight.org/Volumes/11/05/negro_public_school.html,1916
-1.5363535,7.7599716,Preparedness,https://www.dareyoufight.org/Volumes/11/05/preparedness.html,1915
0.26179147,9.491859,St. Louis,https://www.dareyoufight.org/Volumes/11/05/st_louis.html,1916
-0.9788853,6.142708,Young,https://www.dareyoufight.org/Volumes/11/05/young.html,1915
1.3001183,4.9777803,The Church,https://www.dareyoufight.org/Volumes/11/06/church.html,1916
0.002905722,9.794414,Intermarriage,https://www.dareyoufight.org/Volumes/11/06/intermarriage.html,1916
-2.1608856,10.629334,Peonage,https://www.dareyoufight.org/Volumes/11/06/peonage.html,1916
1.1794235,4.7873755,Three Churches,https://www.dareyoufight.org/Volumes/11/06/three_churches.html,1916
0.93903315,4.7339587,The Pageant,https://www.dareyoufight.org/Volumes/12/01/negro_college.html,1916
0.9151626,4.772715,The Pageant,https://www.dareyoufight.org/Volumes/12/01/pageant.html,1916
1.2035536,11.21554,Public Schools,https://www.dareyoufight.org/Volumes/12/01/public_schools.html,1916
-1.0516514,6.2707973,To the Rescue,https://www.dareyoufight.org/Volumes/12/01/rescue.html,1916
1.161809,11.203573,Public Schools,https://www.dareyoufight.org/Volumes/12/01/salutations.html,1916
-0.47735935,8.828486,ocial Equalit,https://www.dareyoufight.org/Volumes/12/01/social_equality.html,1916
-0.047667485,8.711618,Consolation,https://www.dareyoufight.org/Volumes/12/02/consolations.html,1916
-1.8829933,10.20172,Deception,https://www.dareyoufight.org/Volumes/12/02/deception.html,1916
1.3617827,9.858531,Tenements,https://www.dareyoufight.org/Volumes/12/02/tenements.html,1916
-0.4623154,6.8943114,An Open Letter to Robert Russa Moton,https://www.dareyoufight.org/Volumes/12/03/open_letter.html,1916
-1.3880974,6.5138674,Two Columns,https://www.dareyoufight.org/Volumes/12/04/_two-columns.html,1916
-1.1872572,6.537454,Carrizal,https://www.dareyoufight.org/Volumes/12/04/carrizal.html,1916
1.9050348,6.6760473,The Drama Among Black Folk,https://www.dareyoufight.org/Volumes/12/04/drama_among_black_folk.html,1916
-0.8079999,9.612498,Ireland,https://www.dareyoufight.org/Volumes/12/04/ireland.html,1916
0.5311917,6.1469707,The Battle of Europe,https://www.dareyoufight.org/Volumes/12/05/battle_of_eruope.html,1916
0.42680818,8.372498,The Colored Audience,https://www.dareyoufight.org/Volumes/12/05/coloured_audience.html,1916
0.08861002,7.80794,"Conduct, Not Color",https://www.dareyoufight.org/Volumes/12/05/conduct_not_color.html,1916
-1.2527611,10.314013,Cowardice,https://www.dareyoufight.org/Volumes/12/06/cowardice.html,1916
0.40917835,8.980576,Migration,https://www.dareyoufight.org/Volumes/12/06/migration.html,1916
-2.943094,7.620724,The Negro Party,https://www.dareyoufight.org/Volumes/12/06/negro_party.html,1916
-2.6824737,7.439159,The Presidential Campaign,https://www.dareyoufight.org/Volumes/12/06/presidential_campaign.html,1916
-2.560228,7.428645,Mr. Hughes,https://www.dareyoufight.org/Volumes/13/01/mr_hughes.html,1916
-2.2235885,7.396458,Presidential Candidates,https://www.dareyoufight.org/Volumes/13/01/presidential_candidates.html,1916
-1.6921136,8.685451,Southern Civilization,https://www.dareyoufight.org/Volumes/13/01/southern_civilization.html,1916
-1.5558479,7.4127383,Muddle,https://www.dareyoufight.org/Volumes/13/02/muddle.html,1916
0.201982,6.919493,Refinement and Love,https://www.dareyoufight.org/Volumes/13/02/refinement_and_love.html,1916
1.3857471,11.021871,Schools,https://www.dareyoufight.org/Volumes/13/03/schools.html,1917
1.9066068,6.929497,Curtains of Pain,https://www.dareyoufight.org/Volumes/13/04/curtains_of_pain.html,1917
-2.2812986,10.726223,The Attempted Lynching of Lube Martin: An N.A.A.C.P. Investigation,https://www.dareyoufight.org/Volumes/13/05/attempted_lynching.html,1917
-1.571702,8.863826,Civilization in the South,https://www.dareyoufight.org/Volumes/13/05/civilization_in_south.html,1917
-1.0426811,8.495459,The Tuskegee Resolutions,https://www.dareyoufight.org/Volumes/13/05/tuskegee_resolutions.html,1917
-0.8881968,8.487885,The Perpetual Dilemma,https://www.dareyoufight.org/Volumes/13/06/perpetual_dilemma.html,1917
1.2362506,6.989175,The South,https://www.dareyoufight.org/Volumes/13/06/south.html,1917
-0.7850012,8.301411,Loyalty,https://www.dareyoufight.org/Volumes/14/01/loyalty.html,1917
0.7576164,9.218079,The Migration,https://www.dareyoufight.org/Volumes/14/01/migration.html,1917
-2.29974,10.672382,A Moral Void,https://www.dareyoufight.org/Volumes/14/01/moral_void.html,1917
-1.4982436,6.3926854,Naval Ruler,https://www.dareyoufight.org/Volumes/14/01/naval_ruler.html,1917
-2.487008,8.363531,Register and Vote,https://www.dareyoufight.org/Volumes/14/01/register_and_vote.html,1917
0.32943863,7.576916,The White Church,https://www.dareyoufight.org/Volumes/14/01/white_church.html,1917
0.7948155,9.302062,The Migration of Negroes,https://www.dareyoufight.org/Volumes/14/02/migration_of_negroes.html,1917
-0.94963455,6.3929214,Officers,https://www.dareyoufight.org/Volumes/14/02/officers.html,1917
0.47607282,6.181256,Resolutions of the Washington Conference,https://www.dareyoufight.org/Volumes/14/02/resolutions.html,1917
-0.76669943,6.567672,We Should Worry,https://www.dareyoufight.org/Volumes/14/02/we_should_worry.html,1917
-0.86070114,6.7417684,Justice,https://www.dareyoufight.org/Volumes/14/03/justice.html,1917
0.5641392,9.353579,Memphis or East St. Louis?,https://www.dareyoufight.org/Volumes/14/03/memphis_or_east_st_louis.html,1917
0.29718304,8.105328,Promoting Race Prejudice,https://www.dareyoufight.org/Volumes/14/03/race_prejudice.html,1917
-0.097729184,6.596396,The Present,https://www.dareyoufight.org/Volumes/14/04/present.html,1917
-2.0568888,7.098328,Roosevelt,https://www.dareyoufight.org/Volumes/14/04/roosevelt.html,1917
-0.7036157,7.14209,Awake America,https://www.dareyoufight.org/Volumes/14/05/awake_america.html,1917
-0.22944158,6.1822834,The Black Bastille,https://www.dareyoufight.org/Volumes/14/05/black_bastille.html,1917
0.6758284,9.426743,East St. Louis,https://www.dareyoufight.org/Volumes/14/05/east_st_louis.html,1917
-0.64085335,9.942364,The Massacre in East St. Louis,https://www.dareyoufight.org/Volumes/14/05/massacre_of_east_st_louis.html,1917
1.8730172,9.273986,More Suggestions,https://www.dareyoufight.org/Volumes/14/05/more_suggestions.html,1917
-0.35869035,9.581161,The Negro Silent Parade,https://www.dareyoufight.org/Volumes/14/05/negro_silent_parade.html,1917
1.7326181,7.172529,Consecration,https://www.dareyoufight.org/Volumes/14/06/consecration.html,1917
-1.0594939,9.794792,Houston,https://www.dareyoufight.org/Volumes/14/06/houston.html,1917
2.1211915,9.278881,Co-Operation,https://www.dareyoufight.org/Volumes/15/01/cooperation.html,1918
1.4650939,10.805369,Hampton,https://www.dareyoufight.org/Volumes/15/01/hampton.html,1918
-1.1889918,9.774083,Houston: An N.A.A.C.P. Investigation,https://www.dareyoufight.org/Volumes/15/01/houston.html,1918
-2.827921,8.169058,The Oath of the Negro Voter,https://www.dareyoufight.org/Volumes/15/01/oath_of_the_negro_voter.html,1918
-3.9551117,8.115466,Votes for Women,https://www.dareyoufight.org/Volumes/15/01/votes_for_women.html,1918
-0.89171755,6.158052,Baker,https://www.dareyoufight.org/Volumes/15/02/baker.html,1917
0.3737229,7.5725193,The Second Coming,https://www.dareyoufight.org/Volumes/15/02/second_coming.html,1917
-0.32060382,6.9198074,Victory,https://www.dareyoufight.org/Volumes/15/02/victory.html,1917
-1.1266894,7.571918,Thirteen,https://www.dareyoufight.org/Volumes/15/03/efficiency.html,1918
0.000540549,6.6804185,Thirteen,https://www.dareyoufight.org/Volumes/15/03/thirteen.html,1918
-2.115897,10.187344,The Burning at Dyersburg: An N.A.A.C.P. Investigation,https://www.dareyoufight.org/Volumes/15/04/burning_at_dyersburg.html,1918
1.4358311,10.781175,Negro Education,https://www.dareyoufight.org/Volumes/15/04/negro_education.html,1918
1.549027,9.104061,The Railroads,https://www.dareyoufight.org/Volumes/15/04/railroads.html,1918
0.77751523,7.131614,The Shadow of Years,https://www.dareyoufight.org/Volumes/15/04/shadow_of_years.html,1918
1.2764231,4.833021,Crime,https://www.dareyoufight.org/Volumes/15/05/crime.html,1918
-0.08463394,7.2108283,The Black Man and the Unions,https://www.dareyoufight.org/Volumes/15/05/the_black_man_and_the_unions.html,1918
-0.8971053,6.227469,Attention,https://www.dareyoufight.org/Volumes/15/06/attention.html,1918
-1.0400282,9.826811,Houston and East St. Louis,https://www.dareyoufight.org/Volumes/15/06/houston_and_east_st_louis.html,1918
-2.9121962,7.55435,The Republican Party,https://www.dareyoufight.org/Volumes/15/06/republican_party.html,1918
-2.1088836,9.96823,The Burning of Jim Mc Ilherron: An N.A.A.C.P. Investigation,https://www.dareyoufight.org/Volumes/16/01/burning_of_jim_mcilherron.html,1918
0.28932193,6.0672994,Close Ranks,https://www.dareyoufight.org/Volumes/16/03/close_ranks.html,1918
0.9843353,11.328459,The Common School,https://www.dareyoufight.org/Volumes/16/03/common_school.html,1918
1.6309526,10.488787,Philanthropy and Self Help,https://www.dareyoufight.org/Volumes/16/03/philanthropy_and_self_help.html,1918
0.1451176,8.487223,Food,https://www.dareyoufight.org/Volumes/16/04/food.html,1918
-0.27695927,6.3283286,Help Us to Help,https://www.dareyoufight.org/Volumes/16/04/help_us.html,1918
0.28434065,6.200382,A Philosophy in Time of War,https://www.dareyoufight.org/Volumes/16/04/philosophy_in_time_of_war.html,1918
-0.75668186,8.046614,Tillman,https://www.dareyoufight.org/Volumes/16/04/tillman.html,1918
-0.53133553,6.274962,A Momentous Proposal,https://www.dareyoufight.org/Volumes/16/05/momentous_proposal.html,1918
-0.37146592,6.7807345,Our Special Grievances,https://www.dareyoufight.org/Volumes/16/05/our_special_greivances.html,1918
-0.69553316,6.504379,The Reward,https://www.dareyoufight.org/Volumes/16/05/reward.html,1918
-2.4402997,10.70466,The Work of a Mob,https://www.dareyoufight.org/Volumes/16/05/work_of_a_mob.html,1918
-2.3975906,7.8308983,"Blease, Vardaman, Hardwick and Company",https://www.dareyoufight.org/Volumes/16/06/blease.html,1918
1.840151,7.0863295,The Boy Over There,https://www.dareyoufight.org/Volumes/16/06/boy_over_there.html,1918
-1.0336635,9.746559,Houston,https://www.dareyoufight.org/Volumes/16/06/houston.html,1918
1.1082,11.319291,School,https://www.dareyoufight.org/Volumes/16/06/school.html,1918
1.0387456,7.1846185,The Slaughter of the Innocents,https://www.dareyoufight.org/Volumes/16/06/slaughter.html,1918
-3.1701424,7.955031,The Colored Voter,https://www.dareyoufight.org/Volumes/17/01/colored_voter.html,1919
0.3186846,6.0676413,Flaming Arrows,https://www.dareyoufight.org/Volumes/17/01/flaming_arrows.html,1919
-1.575346,7.8496575,Letters,https://www.dareyoufight.org/Volumes/17/01/letters.html,1919
0.0019588592,6.1309094,Patriotism,https://www.dareyoufight.org/Volumes/17/01/patriotism.html,1919
-0.91519034,6.0317407,Soldiers,https://www.dareyoufight.org/Volumes/17/01/soldiers.html,1919
-2.6536365,7.8167953,The Ballot,https://www.dareyoufight.org/Volumes/17/02/ballot.html,1919
1.8410232,6.6119795,The Flight into Egypt,https://www.dareyoufight.org/Volumes/17/02/flight.html,1919
2.0187864,6.729256,Peace,https://www.dareyoufight.org/Volumes/17/02/peace.html,1919
2.1936004,6.924444,Steve,https://www.dareyoufight.org/Volumes/17/02/steve.html,1919
1.3925709,5.8336315,The Future of Africa,https://www.dareyoufight.org/Volumes/17/03/future-of-africa.html,1919
-0.7056106,8.925087,Jim Crow,https://www.dareyoufight.org/Volumes/17/03/jim_crow.html,1919
1.333037,5.7200594,Africa,https://www.dareyoufight.org/Volumes/17/04/africa.html,1919
1.4486395,5.859651,Reconstruction and Africa,https://www.dareyoufight.org/Volumes/17/04/reconstruction_and_africa.html,1919
0.012450903,5.4282002,"Memorandum to M. Diagne and Others on a Pan-African Congress to be held in Paris in February, 1919",https://www.dareyoufight.org/Volumes/17/05/memorandum_to_m_diagne_and_others_on_a_panafrican_congress.html,1919
-0.3011869,6.127964,The Black Man in the Revolution of 1914-1918,https://www.dareyoufight.org/Volumes/17/05/the_black_man_in_the_revolution_of_1914_1918.html,1919
1.5430207,7.5061655,For What,https://www.dareyoufight.org/Volumes/17/06/for_what.html,1919
0.8044335,7.4091616,My Mission,https://www.dareyoufight.org/Volumes/18/01/my_mission.html,1919
-0.105953604,6.182545,Returning Soldiers,https://www.dareyoufight.org/Volumes/18/01/returning_soldiers.html,1919
-0.5091244,5.8845477,Robert R. Moton,https://www.dareyoufight.org/Volumes/18/01/robert_moton.html,1919
-0.6080813,6.0108447,To Mr. Emmett Scott,https://www.dareyoufight.org/Volumes/18/01/scott.html,1919
1.149564,6.559521,Egypt and India,https://www.dareyoufight.org/Volumes/18/02/egypt_and_india.html,1919
-0.2764247,6.1632347,An Essay Toward a History of the Black Man in the Great War,https://www.dareyoufight.org/Volumes/18/02/essay.html,1919
0.972106,11.302729,Reconstruction,https://www.dareyoufight.org/Volumes/18/03/reconstruction.html,1919
1.7390426,8.827704,Forward,https://www.dareyoufight.org/Volumes/18/05/forward.html,1919
2.0922453,9.037584,Labor Omnia Vincit,https://www.dareyoufight.org/Volumes/18/05/labor_omnia_vincit.html,1919
0.4995595,6.6771193,Let us Reason Together,https://www.dareyoufight.org/Volumes/18/05/let_us_reason_together.html,1919
-0.71511143,8.20801,The Riots: An N.A.A.C.P. Investigation,https://www.dareyoufight.org/Volumes/18/05/riots.html,1919
-1.9523547,10.036882,Signs from the South,https://www.dareyoufight.org/Volumes/18/05/signs_from_south.html,1919
-1.0659927,6.145718,The American Legion,https://www.dareyoufight.org/Volumes/18/05/the_american_legion.html,1919
0.68522817,7.650545,Balls,https://www.dareyoufight.org/Volumes/18/06/balls.html,1919
-2.941734,8.009332,Byrnes,https://www.dareyoufight.org/Volumes/18/06/byrnes.html,1919
-0.993905,8.357563,Chicago and Its Eight Reasons,https://www.dareyoufight.org/Volumes/18/06/chicago_and_its_eight_reasons.html,1919
-1.2054212,9.915345,"The Riot at Longview, Texas",https://www.dareyoufight.org/Volumes/18/06/riot_at_longview.html,1919
-1.1987385,9.498873,Shillady and Texas,https://www.dareyoufight.org/Volumes/18/06/shillady_and_texas.html,1919
-0.40649155,6.10677,The War History,https://www.dareyoufight.org/Volumes/18/06/the_war_history.html,1919
1.4077773,7.834868,The True Brownies,https://www.dareyoufight.org/Volumes/18/06/true_brownies.html,1919
-0.2021475,7.938614,Heroes,https://www.dareyoufight.org/Volumes/19/01/heroes.html,1919
0.5451572,6.0319443,The League of Nations,https://www.dareyoufight.org/Volumes/19/01/league.html,1919
-0.551228,9.179092,Social Equality,https://www.dareyoufight.org/Volumes/19/01/social_equality.html,1919
0.02553109,7.769853,A Statement,https://www.dareyoufight.org/Volumes/19/01/statement.html,1919
2.1694653,6.8874846,The Gospel According to Mary Brown,https://www.dareyoufight.org/Volumes/19/02/gospel.html,1919
-0.99339354,6.1016417,The Negro Soldier,https://www.dareyoufight.org/Volumes/19/02/negro_soldier.html,1919
-0.37525356,7.4907684,Radicals,https://www.dareyoufight.org/Volumes/19/02/radicals.html,1919
-1.9449087,9.45896,The Real Causes of Two Race Riots,https://www.dareyoufight.org/Volumes/19/02/real_causes.html,1919
-2.916593,8.158405,Votes,https://www.dareyoufight.org/Volumes/19/02/votes.html,1919
-1.0624691,6.0657415,"American Legion, Again",https://www.dareyoufight.org/Volumes/19/03/american_legion_again.html,1920
0.5271558,9.240749,"Brothers, Come North",https://www.dareyoufight.org/Volumes/19/03/brothers_come_north.html,1920
0.34018165,7.6459455,England,https://www.dareyoufight.org/Volumes/19/03/england.html,1920
-0.5836406,8.088819,The Macon Telegraph,https://www.dareyoufight.org/Volumes/19/03/macon_telegraph.html,1920
-0.7821772,8.048482,"""Our"" South",https://www.dareyoufight.org/Volumes/19/03/our_south.html,1920
0.11552567,7.966533,Race Pride,https://www.dareyoufight.org/Volumes/19/03/race_pride.html,1920
-0.35535938,9.524065,Sex Equality,https://www.dareyoufight.org/Volumes/19/03/sex_equality.html,1920
0.87255406,9.805985,Arkansas,https://www.dareyoufight.org/Volumes/19/04/arkansas.html,1920
1.8453274,9.525441,Coöperation,https://www.dareyoufight.org/Volumes/19/04/cooperation.html,1920
-0.89351374,10.05424,Crime,https://www.dareyoufight.org/Volumes/19/04/crime.html,1920
-0.9928328,7.2001677,Danger,https://www.dareyoufight.org/Volumes/19/04/danger.html,1920
-2.2243652,8.637151,The House of Jacob,https://www.dareyoufight.org/Volumes/19/04/house-of-jacob.html,1920
0.5103283,5.9666224,Leadership,https://www.dareyoufight.org/Volumes/19/04/leadership.html,1920
0.14566977,8.621638,A Matter of Manners,https://www.dareyoufight.org/Volumes/19/04/matter-of-manners.html,1920
-0.54772377,8.511446,The Unfortunate South,https://www.dareyoufight.org/Volumes/19/04/unfortunate_south.html,1920
-1.1587348,9.930266,A Soldier,https://www.dareyoufight.org/Volumes/19/05/a_soldier.html,1920
-0.37937546,8.994987,"Again, Social Equality",https://www.dareyoufight.org/Volumes/19/05/again_social_equality.html,1920
1.8466476,9.226671,"Dives, Mob, and Scab",https://www.dareyoufight.org/Volumes/19/05/dives.html,1920
-0.09231194,7.775994,"England, Again",https://www.dareyoufight.org/Volumes/19/05/england_again.html,1920
-1.7056286,10.098436,Information Wanted,https://www.dareyoufight.org/Volumes/19/05/information_wanted.html,1920
0.2894354,6.0720487,Just Like---Folks,https://www.dareyoufight.org/Volumes/19/05/just_like_folks.html,1920
1.7835385,6.787802,Unrest,https://www.dareyoufight.org/Volumes/19/05/unrest.html,1920
-4.2144003,8.389241,Woman Suffrage,https://www.dareyoufight.org/Volumes/19/05/woman_suffrage.html,1920
-2.935406,7.645475,Every Four Years,https://www.dareyoufight.org/Volumes/19/06/every_four_years.html,1920
-1.609866,6.473752,Haiti,https://www.dareyoufight.org/Volumes/19/06/haiti.html,1920
1.3394151,9.725574,Hyde Park,https://www.dareyoufight.org/Volumes/19/06/hyde_park.html,1920
1.5749755,7.801996,Negro Writers,https://www.dareyoufight.org/Volumes/19/06/negro_writers.html,1920
0.6086538,8.569701,Of Giving Work,https://www.dareyoufight.org/Volumes/19/06/of_giving_work.html,1920
-2.3342957,8.365664,Remember,https://www.dareyoufight.org/Volumes/19/06/remember.html,1920
-2.5425425,8.617142,Southern Representatives,https://www.dareyoufight.org/Volumes/19/06/southern_representatives.html,1920
-1.006111,8.615282,Atlanta,https://www.dareyoufight.org/Volumes/20/01/atlanta.html,1920
-1.7782592,10.276956,Extradition Cases,https://www.dareyoufight.org/Volumes/20/01/extradition_cases.html,1920
-4.155546,8.279383,Get Ready,https://www.dareyoufight.org/Volumes/20/01/get_ready.html,1920
-0.57168955,7.436859,White Co-Workers,https://www.dareyoufight.org/Volumes/20/01/white_coworkers.html,1920
-1.8907714,8.867237,Mississippi,https://www.dareyoufight.org/Volumes/20/02/mississippi.html,1920
-1.760613,6.9385242,Presidential Candidates,https://www.dareyoufight.org/Volumes/20/02/presidential-candidates.html,1920
-0.9827248,7.5730085,A Question,https://www.dareyoufight.org/Volumes/20/03/a-question.html,1920
-1.0267929,8.70726,In Georgia,https://www.dareyoufight.org/Volumes/20/03/in-georgia.html,1920
1.1966802,11.013695,Latin,https://www.dareyoufight.org/Volumes/20/03/latin.html,1920
1.0536648,10.6675205,Race Intelligence,https://www.dareyoufight.org/Volumes/20/03/race_intelligence.html,1920
-1.0460012,6.095934,Soldiers,https://www.dareyoufight.org/Volumes/20/03/soldiers.html,1920
0.85199726,8.607729,Clothes,https://www.dareyoufight.org/Volumes/20/04/clothes.html,1920
0.024469772,8.516196,Pettiness,https://www.dareyoufight.org/Volumes/20/04/pettiness.html,1920
1.6492509,8.728734,The Task,https://www.dareyoufight.org/Volumes/20/04/task.html,1920
0.76283276,6.7004538,Forward,https://www.dareyoufight.org/Volumes/20/05/forward.html,1920
-3.0513194,7.449821,How Shall We Vote,https://www.dareyoufight.org/Volumes/20/05/how_shall_we_vote.html,1920
-1.2191479,9.050823,Murder Will Out,https://www.dareyoufight.org/Volumes/20/05/murder_will_out.html,1920
0.41239986,9.129059,The Rise of the West Indian,https://www.dareyoufight.org/Volumes/20/05/rise_of_the_west_indian.html,1920
0.44540364,8.517909,In Black,https://www.dareyoufight.org/Volumes/20/06/in_black.html,1920
-0.6702708,7.782925,Persecution,https://www.dareyoufight.org/Volumes/20/06/persecution.html,1920
1.380033,4.995874,Steal,https://www.dareyoufight.org/Volumes/20/06/steal.html,1920
-4.160647,8.455635,Triumph,https://www.dareyoufight.org/Volumes/20/06/triumph.html,1920
1.3366674,7.5181375,Pity the Poor Author,https://www.dareyoufight.org/Volumes/21/01/pity-the-poor-author.html,1920
1.3553151,8.62214,Progress,https://www.dareyoufight.org/Volumes/21/01/progress.html,1920
1.6707156,10.735942,Reason in School and Business,https://www.dareyoufight.org/Volumes/21/01/reason-in-school.html,1920
-0.33401993,9.247669,The Social Equality of Whites and Blacks,https://www.dareyoufight.org/Volumes/21/01/social_equality_of_blacks_and_whites.html,1920
-0.7016436,8.746656,Suffrage,https://www.dareyoufight.org/Volumes/21/01/suffrage.html,1920
-0.55913335,5.766707,And Now Liberia,https://www.dareyoufight.org/Volumes/21/02/and-now-liberia.html,1920
2.5586271,8.464372,Marcus Garvey,https://www.dareyoufight.org/Volumes/21/02/garvey.html,1920
-1.121331,9.954102,Martyrs,https://www.dareyoufight.org/Volumes/21/02/martyrs.html,1920
-0.4285926,7.233569,McSwiney,https://www.dareyoufight.org/Volumes/21/02/mcswiney.html,1920
0.021150915,7.7810197,Pontius Pilate,https://www.dareyoufight.org/Volumes/21/02/pontius-pilate.html,1920
-2.947119,7.2496057,The Unreal Campaign,https://www.dareyoufight.org/Volumes/21/02/unreal_campaign.html,1920
-0.3243378,7.755918,Chicago,https://www.dareyoufight.org/Volumes/21/03/chicago.html,1921
-3.2258902,8.457227,Election Day in Florida,https://www.dareyoufight.org/Volumes/21/03/election_day.html,1921
2.572294,8.44308,Marcus Garvey,https://www.dareyoufight.org/Volumes/21/03/marcus_garvey.html,1921
1.3893498,11.064518,Mount Hermon,https://www.dareyoufight.org/Volumes/21/03/mount-hermon.html,1921
0.04430787,5.45336,Pan-Africa,https://www.dareyoufight.org/Volumes/21/03/pan-africa.html,1921
-2.8195655,7.9794054,Political Rebirth and the Office Seeker,https://www.dareyoufight.org/Volumes/21/03/political-rebirth.html,1921
1.8075981,9.826344,Thrift,https://www.dareyoufight.org/Volumes/21/03/thrift.html,1921
-0.31946495,8.298165,Votes for Negroes,https://www.dareyoufight.org/Volumes/21/03/votes-for-negroes.html,1921
0.7804704,8.06357,Phonograph Records,https://www.dareyoufight.org/Volumes/21/04/phonograph-records.html,1921
-2.5763721,8.595782,Reduced Representation in Congress,https://www.dareyoufight.org/Volumes/21/04/reduced-representation.html,1921
-0.15733989,6.5380697,A Quarter Million,https://www.dareyoufight.org/Volumes/21/05/a_quarter_million.html,1921
-1.0652616,10.181457,Bleeding Ireland,https://www.dareyoufight.org/Volumes/21/05/bleeding-ireland.html,1921
2.5096555,8.348731,A Correction,https://www.dareyoufight.org/Volumes/21/05/correction.html,1921
0.19080193,5.3905725,Pan-Africa,https://www.dareyoufight.org/Volumes/21/05/pan-africa.html,1921
-3.7057993,8.101467,The Woman Voter,https://www.dareyoufight.org/Volumes/21/05/woman_voter.html,1921
-0.5871465,7.90833,The Liberal South,https://www.dareyoufight.org/Volumes/21/06/liberal-south.html,1921
-2.5934095,10.942009,Anti-Lynching Legislation,https://www.dareyoufight.org/Volumes/22/01/anti-lynching_legislation.html,1922
1.762525,8.476336,The Drive,https://www.dareyoufight.org/Volumes/22/01/drive.html,1922
-0.50126433,7.4666624,Inter-Racial Comity,https://www.dareyoufight.org/Volumes/22/01/inter-racial_comity.html,1922
1.32693,8.056894,Negro Art,https://www.dareyoufight.org/Volumes/22/02/negro_art.html,1921
-0.22212498,6.829228,Amity,https://www.dareyoufight.org/Volumes/22/03/amity.html,1921
-1.5241982,9.935344,Libelous Film,https://www.dareyoufight.org/Volumes/22/03/libelous_film.html,1921
2.712142,8.753181,The Negro and Radical Thought,https://www.dareyoufight.org/Volumes/22/03/negro_and_radical_thought.html,1921
-1.4187392,9.642101,Tulsa Riots,https://www.dareyoufight.org/Volumes/22/03/tulsa_riots.html,1921
0.61344945,6.9213037,The Class Struggle,https://www.dareyoufight.org/Volumes/22/04/class_struggle.html,1921
0.813985,6.9530315,"Hopkinsville, Chicago and Idlewild",https://www.dareyoufight.org/Volumes/22/04/hopkinsville.html,1921
-2.3276112,10.838469,Lynchings and Mobs,https://www.dareyoufight.org/Volumes/22/04/lynchings.html,1921
0.89706475,11.156966,Lynchings and Mobs,https://www.dareyoufight.org/Volumes/22/04/mixed.html,1921
-0.44950247,9.394383,Of Problems,https://www.dareyoufight.org/Volumes/22/04/problems.html,1921
-0.49192894,7.193276,About Pugilists,https://www.dareyoufight.org/Volumes/22/05/about_pugilists.html,1921
-0.22434472,6.761876,Of Boards,https://www.dareyoufight.org/Volumes/22/05/boards.html,1921
0.627006,10.961637,Girls,https://www.dareyoufight.org/Volumes/22/05/girls.html,1921
1.6991783,9.814752,Investments,https://www.dareyoufight.org/Volumes/22/05/investments.html,1921
-0.23157811,6.7453613,Of Cold Feet,https://www.dareyoufight.org/Volumes/22/05/of_cold_feet.html,1921
2.076583,9.127965,Railroad Unions,https://www.dareyoufight.org/Volumes/22/05/railroad_unions.html,1921
2.828798,8.905577,The Spread of Socialism,https://www.dareyoufight.org/Volumes/22/05/spread-of-socialism.html,1921
-1.6276093,6.5146213,Haiti,https://www.dareyoufight.org/Volumes/22/06/haiti.html,1921
1.8288033,9.28176,The Single Tax,https://www.dareyoufight.org/Volumes/22/06/single_tax.html,1921
1.9178946,8.642941,Socialism and the Negro,https://www.dareyoufight.org/Volumes/22/06/socialism_and_the_negro.html,1921
-1.4694573,9.413498,Tulsa,https://www.dareyoufight.org/Volumes/22/06/tulsa.html,1921
0.9373739,6.3233886,To The World,https://www.dareyoufight.org/Volumes/23/01/to_the_world.html,1921
0.85933083,8.408785,Africa for the Africans,https://www.dareyoufight.org/Volumes/23/04/africa_for_the_africans.html,1921
-1.330902,9.769752,Boddy,https://www.dareyoufight.org/Volumes/23/05/boddy.html,1921
-0.8209392,10.440777,Homicides,https://www.dareyoufight.org/Volumes/23/05/homicides.html,1921
1.09581,6.2426686,Gandhi and India,https://www.dareyoufight.org/Volumes/23/05/india_and_gandhi.html,1921
1.4511534,8.330158,Art for Nothing,https://www.dareyoufight.org/Volumes/24/01/art_for_nothing.html,1922
-0.09787299,7.2274556,Publicity,https://www.dareyoufight.org/Volumes/24/01/publicity.html,1922
-1.8042117,9.585208,Slavery,https://www.dareyoufight.org/Volumes/24/01/slavery.html,1922
-0.563496,9.185814,Social Equality,https://www.dareyoufight.org/Volumes/24/01/social-equality.html,1922
1.7079229,10.02363,White Charity,https://www.dareyoufight.org/Volumes/24/02/whitecharity.html,1922
-0.86648,6.70666,lippe,https://www.dareyoufight.org/Volumes/24/05/flipper.html,1922
0.6062644,8.26681,We Shuffle Along,https://www.dareyoufight.org/Volumes/24/05/we-shuffle-along.html,1922
-0.62155205,7.876058,K.K.K.,https://www.dareyoufight.org/Volumes/25/01/kkk.html,1922
0.48808804,6.7718353,Truth and Beauty,https://www.dareyoufight.org/Volumes/25/01/truth_and_beauty.html,1922
-2.650041,7.481969,Intentions,https://www.dareyoufight.org/Volumes/25/03/intentions.html,1923
1.6036478,9.422426,Advertising,https://www.dareyoufight.org/Volumes/25/04/advertising.html,1922
2.1852324,9.283821,The Negro and Labor,https://www.dareyoufight.org/Volumes/25/06/negro_and_labor.html,1922
0.36219,8.6099205,On Being Crazy,https://www.dareyoufight.org/Volumes/26/02/on_being_crazy.html,1923
-2.5588877,10.936593,A University Course in Lynching,https://www.dareyoufight.org/Volumes/26/02/university_course_in_lynching.html,1923
-3.0783212,7.733244,Political Straws,https://www.dareyoufight.org/Volumes/26/03/political_straws.html,1923
-0.98713046,7.107751,The Tuskegee Hospital,https://www.dareyoufight.org/Volumes/26/03/tuskegee_hospital.html,1923
0.7946849,10.732798,The Technique of Race Prejudice,https://www.dareyoufight.org/Volumes/26/04/technique.html,1923
-1.10349,9.007947,The Tragedy of ''Jim Crow'',https://www.dareyoufight.org/Volumes/26/04/tradgedy_of_jim_crow.html,1923
0.8279054,9.09229,Florida,https://www.dareyoufight.org/Volumes/26/05/florida.html,1923
0.24445519,6.440019,The Black Man and the Wounded World,https://www.dareyoufight.org/Volumes/27/03/black_man_and_the_wounded_world.html,1924
1.4535451,5.8094354,Kenya,https://www.dareyoufight.org/Volumes/27/04/kenya.html,1924
1.5320836,7.8614793,The Younger Literary Movement,https://www.dareyoufight.org/Volumes/27/04/younger_movement.html,1924
1.1142883,6.465113,"Sketches from Abroad'
sub'Le Grand Voyage",https://www.dareyoufight.org/Volumes/27/05/sketches.html,1924
1.5727986,6.172692,Little Portraits of Africa,https://www.dareyoufight.org/Volumes/27/06/little_portraits.html,1924
2.5835285,8.380995,A Lunatic or a Traitor,https://www.dareyoufight.org/Volumes/28/01/lunatic_or_a_traitor.html,1924
1.4661698,5.8108196,Helping Africa,https://www.dareyoufight.org/Volumes/28/03/helping_africa.html,1924
0.970912,8.700645,Unity,https://www.dareyoufight.org/Volumes/28/03/unity.html,1924
-3.0169513,7.3848777,Vote,https://www.dareyoufight.org/Volumes/28/03/vote.html,1924
2.2417684,9.236016,To the American Federation of Labor,https://www.dareyoufight.org/Volumes/28/04/american_federation_of_labor.html,1924
1.6920735,8.532848,La Follette,https://www.dareyoufight.org/Volumes/28/04/la_follette.html,1924
-2.6742768,7.1636357,The N.A.A.C.P. and Parties,https://www.dareyoufight.org/Volumes/28/05/naacp_and_parties.html,1924
-0.43006948,8.234358,Fall Books,https://www.dareyoufight.org/Volumes/29/01/fall_books.html,1924
-2.1523035,7.1597667,How Shall We Vote,https://www.dareyoufight.org/Volumes/29/01/how_shall_we_vote.html,1924
-3.0328405,7.7858105,The Election,https://www.dareyoufight.org/Volumes/29/02/election.html,1924
0.66645396,6.8852005,Fifteen Years,https://www.dareyoufight.org/Volumes/29/02/fifteen_years.html,1924
2.1693375,6.935218,The Temptation in the Wilderness,https://www.dareyoufight.org/Volumes/29/02/temptation.html,1924
0.55215704,8.923266,West Indian Immigration,https://www.dareyoufight.org/Volumes/29/02/west_indian_immigration.html,1924
0.5955817,10.462861,Radicals and the Negro,https://www.dareyoufight.org/Volumes/29/05/radicals_and_the_negro.html,1925
-0.09166125,9.75463,Inter-Marriage,https://www.dareyoufight.org/Volumes/29/06/inter-marriage.html,1924
0.5563514,6.9446716,The New Crisis,https://www.dareyoufight.org/Volumes/30/01/new_crisis.html,1925
-2.6907542,8.541869,Disenfranchisement,https://www.dareyoufight.org/Volumes/30/02/disenfranchisement.html,1925
-2.7859719,7.529606,Ferdinand Q. Morton,https://www.dareyoufight.org/Volumes/30/03/ferdinand.html,1925
-1.1731294,10.241413,The Challenge of Detroit,https://www.dareyoufight.org/Volumes/31/01/challenge_of_detroit.html,1925
1.2975569,8.092113,Our Book Shelf,https://www.dareyoufight.org/Volumes/31/01/our_bookshelf.html,1925
2.2296178,9.370947,The Black Man and Labor,https://www.dareyoufight.org/Volumes/31/02/black_man_and_labor.html,1925
1.3515866,5.818371,The Firing Line,https://www.dareyoufight.org/Volumes/31/02/firing_line.html,1925
1.5797868,8.118474,Our Book Shelf,https://www.dareyoufight.org/Volumes/31/03/book_shelf.html,1926
-1.1889547,10.088602,The First Battle of Detroit,https://www.dareyoufight.org/Volumes/31/03/first_battle_of_detroit.html,1926
2.3606179,9.498377,Pullman Porters,https://www.dareyoufight.org/Volumes/31/03/pullman_porters.html,1926
-1.4231164,10.236262,The Sweet Trial,https://www.dareyoufight.org/Volumes/31/03/sweet_trial.html,1926
-0.6752654,8.615413,The Newer South,https://www.dareyoufight.org/Volumes/31/04/newer_south.html,1926
-0.4892659,8.483845,Our Book Shelf,https://www.dareyoufight.org/Volumes/31/05/book_shelf.html,1926
0.22140422,9.460557,Correspondence,https://www.dareyoufight.org/Volumes/31/05/correspondence.html,1926
2.4679792,9.516545,"Again, Pullman Porters",https://www.dareyoufight.org/Volumes/31/06/again_pullman_porters.html,1926
-0.7531457,10.295643,Crime,https://www.dareyoufight.org/Volumes/32/01/crime.html,1926
-2.4827385,8.701856,Disenfranchisement,https://www.dareyoufight.org/Volumes/32/01/disenfranchisement.html,1926
-2.6534665,10.890964,Lynching,https://www.dareyoufight.org/Volumes/32/01/lynching.html,1926
0.9757535,5.8490906,Italy and Abyssinia,https://www.dareyoufight.org/Volumes/32/02/italy_and_abyssinia.html,1926
0.95029014,8.333573,"''Krigwa Players Little Negro Theatre'''
subThe Story of a Little Theatre Movemen",https://www.dareyoufight.org/Volumes/32/03/kgriwa.html,1926
-0.8473871,10.467988,Murder,https://www.dareyoufight.org/Volumes/32/03/murder.html,1926
1.1500452,7.904546,Criteria of Negro Art,https://www.dareyoufight.org/Volumes/32/06/criteria_of_negro_art.html,1926
3.0282745,8.753076,"Russia, 1926",https://www.dareyoufight.org/Volumes/33/01/russia_1926.html,1926
1.716478,7.901955,Books,https://www.dareyoufight.org/Volumes/33/02/books.html,1926
2.2628636,9.237174,Eugene Debs,https://www.dareyoufight.org/Volumes/33/02/debs.html,1926
-1.8440499,10.054689,The Shambles of South Carolina,https://www.dareyoufight.org/Volumes/33/02/shambles_of_south_carolina.html,1926
0.8154577,7.458901,Travel,https://www.dareyoufight.org/Volumes/33/02/travel.html,1926
0.2790119,8.04714,Hayes,https://www.dareyoufight.org/Volumes/33/03/hayes.html,1927
-0.088548556,9.794157,Intermarriage,https://www.dareyoufight.org/Volumes/33/03/intermarriage.html,1927
1.0866653,5.814329,League of Nations,https://www.dareyoufight.org/Volumes/33/03/league_of_nations.html,1927
-0.5790536,7.3094053,Our Methods,https://www.dareyoufight.org/Volumes/33/03/our_methods.html,1927
-2.8349354,8.201161,"""Harmless Flourish""",https://www.dareyoufight.org/Volumes/33/04/harmless_flourish.html,1927
2.8850267,8.975306,Judging Russia,https://www.dareyoufight.org/Volumes/33/04/judging_russia.html,1927
-2.5529351,10.89137,Lynching,https://www.dareyoufight.org/Volumes/33/04/lynching.html,1927
0.62242657,7.9193954,Optimism,https://www.dareyoufight.org/Volumes/33/04/optimism.html,1927
1.1324967,10.95102,Science,https://www.dareyoufight.org/Volumes/33/04/science.html,1927
-1.3616177,6.5244865,War,https://www.dareyoufight.org/Volumes/33/04/war.html,1927
-2.5192754,10.882047,Aiken,https://www.dareyoufight.org/Volumes/34/01/aiken.html,1927
1.3656934,5.3990097,Liberia,https://www.dareyoufight.org/Volumes/34/01/liberia.html,1927
1.4522709,9.368405,Farmers,https://www.dareyoufight.org/Volumes/34/02/farmers.html,1927
1.5609015,9.191518,The Higher Friction,https://www.dareyoufight.org/Volumes/34/02/higher_friction.html,1927
-2.7530355,7.417155,Chicago,https://www.dareyoufight.org/Volumes/34/04/chicago.html,1927
-1.3870866,10.213974,"Coffeeville, Kanasas",https://www.dareyoufight.org/Volumes/34/05/coffeville_kansas.html,1927
0.87026423,9.280014,Flood,https://www.dareyoufight.org/Volumes/34/05/flood.html,1927
-1.2887446,10.389373,Mob Tactics,https://www.dareyoufight.org/Volumes/34/06/mob_tactics.html,1927
1.4273272,8.086929,Browsing Reader - The American Race Problem,https://www.dareyoufight.org/Volumes/34/07/browsing_reader.html,1927
0.74931747,9.817976,Death Rates,https://www.dareyoufight.org/Volumes/34/08/death_rates.html,1927
1.4060676,7.910848,Mencken,https://www.dareyoufight.org/Volumes/34/08/mencken.html,1927
-0.0016389693,5.3931217,The Pan-African Congresses: The Story of a Growing Movement,https://www.dareyoufight.org/Volumes/34/08/panafrican_congresses.html,1927
-1.6171466,8.885559,"Wallace Battle, the Episcopal Church and Mississippi: A Story of Suppressed Truth",https://www.dareyoufight.org/Volumes/34/08/wallace_battle_the_episcopal_church_and_mississippi.html,1927
-1.9140311,8.814468,Peonage,https://www.dareyoufight.org/Volumes/34/09/peonage.html,1927
0.113666296,7.3582425,Prejudice,https://www.dareyoufight.org/Volumes/34/09/prejudice.html,1927
-2.7294831,7.327707,Smith,https://www.dareyoufight.org/Volumes/34/09/smith.html,1927
-0.23301642,8.927863,Social Equals,https://www.dareyoufight.org/Volumes/34/09/social_equals.html,1927
0.3831289,5.613482,The Durham Conference,https://www.dareyoufight.org/Volumes/34/10/durham_conference.html,1927
-0.31169513,8.93944,The Hampton Strike,https://www.dareyoufight.org/Volumes/34/10/hampton_strike.html,1927
2.4203098,9.491599,Pullman Porters,https://www.dareyoufight.org/Volumes/34/10/pullman_porters.html,1927
2.9434273,8.863192,Ten Years,https://www.dareyoufight.org/Volumes/34/10/ten_years.html,1927
1.1978734,10.885277,Exclusion,https://www.dareyoufight.org/Volumes/35/01/exclusion.html,1928
0.7862869,9.161527,"The Flood, the Red Cross and the National Guard",https://www.dareyoufight.org/Volumes/35/01/the_flood_the_red_cross_and_the_national_guard.html,1928
2.5441375,8.458854,Marcus Garvey and the NAACP,https://www.dareyoufight.org/Volumes/35/02/marcus_garvey.html,1928
-0.048753045,8.971154,Social Equality,https://www.dareyoufight.org/Volumes/35/02/social_equality.html,1928
1.2300183,9.315037,"The Flood, the Red Cross and the National Guard",https://www.dareyoufight.org/Volumes/35/02/the_flood_the_red_cross_and_the_national_guard.html,1928
1.9886591,9.04681,Black and White Workers,https://www.dareyoufight.org/Volumes/35/03/black_and_white_workers.html,1928
2.4616542,8.52597,Augustus G. Dill,https://www.dareyoufight.org/Volumes/35/03/dill.html,1928
-3.1502795,7.7230086,Augustus G. Dill,https://www.dareyoufight.org/Volumes/35/03/failure_to_vote.html,1928
1.4586301,7.9904914,The Name Negro,https://www.dareyoufight.org/Volumes/35/03/name_negro.html,1928
-1.0562338,8.098853,Robert E. Lee,https://www.dareyoufight.org/Volumes/35/03/robert.html,1928
0.83897287,8.4163,The House of the Black Burghardts,https://www.dareyoufight.org/Volumes/35/04/black.html,1928
1.3601542,7.7876034,The Browsing Reader,https://www.dareyoufight.org/Volumes/35/05/browsing_reader.html,1928
-2.401738,7.7358365,The Negro Politician,https://www.dareyoufight.org/Volumes/35/05/negro_politician.html,1928
1.9561541,9.614494,Our Economic Future,https://www.dareyoufight.org/Volumes/35/05/our_economic_future.html,1928
0.5390816,7.422552,Darrow,https://www.dareyoufight.org/Volumes/35/06/darrow.html,1928
0.03030169,9.73493,So the Girl Marries,https://www.dareyoufight.org/Volumes/35/06/so_the_girl_marries.html,1928
0.75308424,9.582484,Sunny Florida,https://www.dareyoufight.org/Volumes/35/06/sunny_florida.html,1928
1.6106706,7.9176273,Two Novels,https://www.dareyoufight.org/Volumes/35/06/two_novels.html,1928
1.0270991,7.80926,Visitors,https://www.dareyoufight.org/Volumes/35/07/visitors.html,1928
-2.9196024,8.334961,The Negro Voter,https://www.dareyoufight.org/Volumes/35/08/negro_voter.html,1928
-0.013928664,8.518287,Booze,https://www.dareyoufight.org/Volumes/35/09/booze.html,1928
-2.6483598,7.3667755,Houston,https://www.dareyoufight.org/Volumes/35/09/houston.html,1928
-2.702459,7.594136,Howard,https://www.dareyoufight.org/Volumes/35/09/howard.html,1928
-2.3082314,10.759482,Lynching,https://www.dareyoufight.org/Volumes/35/09/lynching.html,1928
-2.722701,7.060694,The Possibility of Democracy,https://www.dareyoufight.org/Volumes/35/09/possiblity_of_democracy_i.html,1928
-2.190779,6.831835,The Possibility of Democracy in America,https://www.dareyoufight.org/Volumes/35/10/possible_democracy.html,1928
1.798157,9.411691,The Dunbar National Bank,https://www.dareyoufight.org/Volumes/35/11/dunbar_national_bank.html,1928
-2.3893352,7.3431654,On the Fence,https://www.dareyoufight.org/Volumes/35/11/on_the_fence.html,1928
-3.0295744,7.17011,A Third Party,https://www.dareyoufight.org/Volumes/35/11/third_party.html,1928
-2.9745061,7.307725,The Campaign of 1928,https://www.dareyoufight.org/Volumes/35/12/campaign_of_1928.html,1928
-2.6399446,7.3445306,The Election,https://www.dareyoufight.org/Volumes/35/12/election.html,1928
-0.90411866,7.583952,Segregation,https://www.dareyoufight.org/Volumes/35/12/segregation.html,1928
1.5467768,10.852663,A Pilgrimage To The Negro Schools,https://www.dareyoufight.org/Volumes/36/02/a_pilgrimage_to_negro_schools.html,1929
0.80227,7.733549,DePriest,https://www.dareyoufight.org/Volumes/36/02/depriest.html,1929
0.68303037,4.9773827,The National Interracial Conference,https://www.dareyoufight.org/Volumes/36/02/national_interracial_conference.html,1929
-3.0275526,7.2403374,Third Party,https://www.dareyoufight.org/Volumes/36/02/third_party.html,1929
-0.21115018,8.084193,The Chicago Debate,https://www.dareyoufight.org/Volumes/36/05/chicago_debate.html,1929
-2.5631216,8.099424,Herbert Hoover and the South,https://www.dareyoufight.org/Volumes/36/05/hoover_and_the_south.html,1929
1.1067002,4.7567873,Missionaries,https://www.dareyoufight.org/Volumes/36/05/missionaries.html,1929
0.19277649,9.77749,The Negro Citizen,https://www.dareyoufight.org/Volumes/36/05/negro_citizen.html,1929
0.55388355,7.983894,Optimism,https://www.dareyoufight.org/Volumes/36/05/optimism.html,1929
1.0156808,10.807492,Pechstein and Pecksniff,https://www.dareyoufight.org/Volumes/36/09/pechstein_and_pecksniff.html,1929
-2.9412637,7.654834,The Negro in Politics,https://www.dareyoufight.org/Volumes/36/11/negro_in_politics.html,1929
0.15384585,9.638757,About Marrying,https://www.dareyoufight.org/Volumes/37/01/about_marrying.html,1930
0.47561422,8.993238,Football,https://www.dareyoufight.org/Volumes/37/01/football.html,1930
1.7948059,9.647073,Gambling,https://www.dareyoufight.org/Volumes/37/01/gambling.html,1930
1.2818944,8.758134,About Wailing,https://www.dareyoufight.org/Volumes/37/02/about_wailing.html,1930
1.0803193,10.601604,Education,https://www.dareyoufight.org/Volumes/37/02/education.html,1930
-0.2524857,9.283996,Interracial Love in Texas,https://www.dareyoufight.org/Volumes/37/02/interracial_love_in_texas.html,1930
1.000223,5.8532944,Smuts,https://www.dareyoufight.org/Volumes/37/02/smuts.html,1930
2.0439024,8.053428,That Capital ''N'',https://www.dareyoufight.org/Volumes/37/02/that_capital_n.html,1930
1.9872339,9.541726,The Boycott,https://www.dareyoufight.org/Volumes/37/03/boycott.html,1930
1.7509086,9.400447,Our Economic Peril,https://www.dareyoufight.org/Volumes/37/03/our_economic_peril.html,1930
0.31227234,5.6036983,Patient Asses,https://www.dareyoufight.org/Volumes/37/03/patient_asses.html,1930
2.0407345,8.05636,The Capital N,https://www.dareyoufight.org/Volumes/37/05/capital_n.html,1930
-3.5825336,8.4634075,Our Program,https://www.dareyoufight.org/Volumes/37/05/our_program.html,1930
2.3153255,9.155685,Economic Disenfranchisement,https://www.dareyoufight.org/Volumes/37/08/economic_disenfranchisement.html,1930
-0.18174388,7.4076214,Freedom of Speech,https://www.dareyoufight.org/Volumes/37/08/freedom.html,1930
0.94176584,6.3717303,India,https://www.dareyoufight.org/Volumes/37/08/india.html,1930
-3.0385377,7.1378536,A New Party,https://www.dareyoufight.org/Volumes/37/08/new_party.html,1930
1.452103,9.475663,Woofterism,https://www.dareyoufight.org/Volumes/38/03/woofterism.html,1931
-2.486375,10.977734,Causes of Lynching,https://www.dareyoufight.org/Volumes/38/04/causes_of_lynching.html,1931
0.6889357,8.309236,Beside the Still Water,https://www.dareyoufight.org/Volumes/38/05/beside.html,1931
2.8836396,8.925906,The Negro and Communism,https://www.dareyoufight.org/Volumes/38/09/negro_and_communism.html,1931
-1.8009851,7.6188145,John Brown,https://www.dareyoufight.org/Volumes/39/01/john_brown.html,1932
-2.471321,10.850553,Lynchings,https://www.dareyoufight.org/Volumes/39/02/lynchings.html,1932
-2.0293903,7.494356,The Non-Partisan Conference,https://www.dareyoufight.org/Volumes/39/02/nonpartisan_conference.html,1932
-2.1853523,10.071832,"Dalton, GA",https://www.dareyoufight.org/Volumes/39/03/dalton_ga.html,1932
0.13920745,8.900204,Hawaii,https://www.dareyoufight.org/Volumes/39/03/hawaii.html,1932
1.6932719,10.334617,"To Your Tents, Oh Israel!",https://www.dareyoufight.org/Volumes/39/03/to_your_tents.html,1932
1.5355879,10.825325,Again Howard,https://www.dareyoufight.org/Volumes/39/04/again_howard.html,1932
-0.8773902,10.052503,Courts and Jails,https://www.dareyoufight.org/Volumes/39/04/courts_and_jails.html,1932
0.68011814,6.835656,A Platform for Radicals,https://www.dareyoufight.org/Volumes/39/04/platform_for_radicals.html,1932
-1.1891049,8.420472,Blaine of Maine,https://www.dareyoufight.org/Volumes/39/08/blaine_of_maine.html,1932
1.3313727,11.00723,Employment,https://www.dareyoufight.org/Volumes/39/09/employment.html,1932
-3.253927,7.7009034,Young Voters,https://www.dareyoufight.org/Volumes/39/09/young_voters.html,1932
-2.5769057,7.434096,Herbert Hoover,https://www.dareyoufight.org/Volumes/39/11/herbert_hoover.html,1932
1.4923581,10.3493395,If I Had a Million Dollars: A Review of the Phelps Stokes Fund,https://www.dareyoufight.org/Volumes/39/11/million_dollars.html,1932
0.8231164,8.738022,From a Traveller,https://www.dareyoufight.org/Volumes/39/12/from_a_traveler.html,1932
0.6464557,6.1624537,"Listen, Japan and China",https://www.dareyoufight.org/Volumes/40/01/listen_japan_and_china.html,1933
1.6063929,8.437494,Toward a New Racial Philosophy,https://www.dareyoufight.org/Volumes/40/01/toward_a_new_racial_philosophy.html,1933
-0.7103256,8.061022,Dodging the Issue,https://www.dareyoufight.org/Volumes/40/02/dodging_the_issue.html,1933
1.2994628,7.6549644,It is a Girl,https://www.dareyoufight.org/Volumes/40/02/its_a_girl.html,1933
0.89213747,9.877164,Our Health,https://www.dareyoufight.org/Volumes/40/02/our_health.html,1933
0.86668307,9.752012,Our Rate of Increase,https://www.dareyoufight.org/Volumes/40/02/our_rate_of_increase.html,1933
0.28670114,9.519777,Color Caste in the United States,https://www.dareyoufight.org/Volumes/40/03/color_caste_in_the_united_states.html,1933
2.5737977,8.848898,Karl Marx and the Negro,https://www.dareyoufight.org/Volumes/40/03/karl_marx_and_the_negro.html,1933
2.3039877,9.206055,The Right to Work,https://www.dareyoufight.org/Volumes/40/04/right_to_work.html,1933
2.6757715,8.752219,Marxism and The Negro Problem,https://www.dareyoufight.org/Volumes/40/05/marxism_and_the_negro_problem.html,1933
-1.8629706,10.195186,Scottsboro,https://www.dareyoufight.org/Volumes/40/05/scottsboro.html,1933
-2.9552448,7.7618275,The Strategy of the Negro Voter,https://www.dareyoufight.org/Volumes/40/06/strategy_of_the_negro_voter.html,1933
2.1169999,9.214994,Our Class Struggle,https://www.dareyoufight.org/Volumes/40/07/our_class_struggle.html,1933
1.5923933,10.879754,The Negro College,https://www.dareyoufight.org/Volumes/40/08/negro_college.html,1933
-0.3026431,8.916661,"On Being Ashamed of Oneself'
subAn Essay on Race Prid",https://www.dareyoufight.org/Volumes/40/09/on_being_ashamed.html,1933
1.2246196,5.0597134,The Church and Religion,https://www.dareyoufight.org/Volumes/40/10/church_and_religion.html,1933
0.1056202,7.098826,Youth and Age at Amenia,https://www.dareyoufight.org/Volumes/40/10/youth_and_age.html,1933
0.6756128,8.598352,Pan-Africa and New Racial Philosophy,https://www.dareyoufight.org/Volumes/40/11/panafrica_and_new_racial_philosophy.html,1933
2.182646,9.095006,The A.F. of L.,https://www.dareyoufight.org/Volumes/40/12/af_of_l.html,1933
0.09675144,8.784457,A Matter of Manners,https://www.dareyoufight.org/Volumes/40/12/matter_of_manners.html,1933
0.4783918,6.090129,Peace,https://www.dareyoufight.org/Volumes/40/12/peace.html,1933
1.3665316,8.724692,Too Rich to be a Nigger,https://www.dareyoufight.org/Volumes/40/12/too_rich.html,1933
-2.139993,10.538772,Scottsboro,https://www.dareyoufight.org/Volumes/41/01/scottsboro.html,1934
0.36931142,10.098855,Segregation,https://www.dareyoufight.org/Volumes/41/01/segregation.html,1934
-0.05372362,9.341351,The N.A.A.C.P. and Race Segregation,https://www.dareyoufight.org/Volumes/41/02/naacp_and_race_segregation.html,1934
2.2903934,9.342627,Subsistence Homestead Colonies,https://www.dareyoufight.org/Volumes/41/03/Subsistence_homestead_colonies.html,1934
0.3675598,9.899476,History of Segregation Philosophy,https://www.dareyoufight.org/Volumes/41/03/history_of_segregation_philosophy.html,1934
0.49814782,10.3700695,Separation and Self-Respect,https://www.dareyoufight.org/Volumes/41/03/separation_and_selfrespect.html,1934
0.32956636,9.935723,Segregation in the North,https://www.dareyoufight.org/Volumes/41/04/segregation_in_the_north.html,1934
-2.424771,10.866182,Grand Jury Adjourns: Laurens County Fails to Indict Dendy Lynchers,https://www.dareyoufight.org/Volumes/41/05/grand_jury_adjourns.html,1934
0.3846372,10.14562,Segregation,https://www.dareyoufight.org/Volumes/41/05/segregation.html,1934
-1.3911364,7.9070926,William Monroe Trotter,https://www.dareyoufight.org/Volumes/41/05/trotter.html,1934
-0.32328755,7.6043615,Violence,https://www.dareyoufight.org/Volumes/41/05/violence.html,1934
0.97865075,7.7406697,Westward Ho,https://www.dareyoufight.org/Volumes/41/05/westward_ho.html,1934
1.021639,7.397507,Counsels of Despair,https://www.dareyoufight.org/Volumes/41/06/counsels_of_despair.html,1934
-0.62093043,6.5354156,Dr. Du Bois Resigns,https://www.dareyoufight.org/Volumes/41/08/dr_dubois_resigns.html,1934
